<annotation>
	<folder>my-project-name</folder>
	<filename>1000536-2016-chevrolet-corvette-grand-sport-cars-c7.jpg</filename>
	<path>/my-project-name/1000536-2016-chevrolet-corvette-grand-sport-cars-c7.jpg</path>
	<source>
		<database>Unspecified</database>
	</source>
	<size>
		<width>2250</width>
		<height>1375</height>
		<depth>3</depth>
	</size>
	<object>
		<name>wheel</name>
		<pose>Unspecified</pose>
		<truncated>Unspecified</truncated>
		<difficult>Unspecified</difficult>
		<bndbox>
			<xmin>1032</xmin>
			<ymin>1051</ymin>
			<xmax>1212</xmax>
			<ymax>1296</ymax>
		</bndbox>
	</object>
	<object>
		<name>wheel</name>
		<pose>Unspecified</pose>
		<truncated>Unspecified</truncated>
		<difficult>Unspecified</difficult>
		<bndbox>
			<xmin>1478</xmin>
			<ymin>934</ymin>
			<xmax>1568</xmax>
			<ymax>1114</ymax>
		</bndbox>
	</object>
	<object>
		<name>headlight</name>
		<pose>Unspecified</pose>
		<truncated>Unspecified</truncated>
		<difficult>Unspecified</difficult>
		<bndbox>
			<xmin>503</xmin>
			<ymin>910</ymin>
			<xmax>625</xmax>
			<ymax>997</ymax>
		</bndbox>
	</object>
	<object>
		<name>headlight</name>
		<pose>Unspecified</pose>
		<truncated>Unspecified</truncated>
		<difficult>Unspecified</difficult>
		<bndbox>
			<xmin>757</xmin>
			<ymin>970</ymin>
			<xmax>969</xmax>
			<ymax>1075</ymax>
		</bndbox>
	</object>
</annotation>