<annotation>
	<folder>my-project-name</folder>
	<filename>406219d1569033823-pretty-cool-cars-8746f83e-0404-4852-9960-a0f155164666.jpeg</filename>
	<path>/my-project-name/406219d1569033823-pretty-cool-cars-8746f83e-0404-4852-9960-a0f155164666.jpeg</path>
	<source>
		<database>Unspecified</database>
	</source>
	<size>
		<width>4032</width>
		<height>3024</height>
		<depth>3</depth>
	</size>
	<object>
		<name>wheel</name>
		<pose>Unspecified</pose>
		<truncated>Unspecified</truncated>
		<difficult>Unspecified</difficult>
		<bndbox>
			<xmin>275</xmin>
			<ymin>1569</ymin>
			<xmax>1137</xmax>
			<ymax>2286</ymax>
		</bndbox>
	</object>
	<object>
		<name>wheel</name>
		<pose>Unspecified</pose>
		<truncated>Unspecified</truncated>
		<difficult>Unspecified</difficult>
		<bndbox>
			<xmin>2900</xmin>
			<ymin>1504</ymin>
			<xmax>3477</xmax>
			<ymax>2054</ymax>
		</bndbox>
	</object>
	<object>
		<name>wheel</name>
		<pose>Unspecified</pose>
		<truncated>Unspecified</truncated>
		<difficult>Unspecified</difficult>
		<bndbox>
			<xmin>3488</xmin>
			<ymin>706</ymin>
			<xmax>3816</xmax>
			<ymax>954</ymax>
		</bndbox>
	</object>
	<object>
		<name>wheel</name>
		<pose>Unspecified</pose>
		<truncated>Unspecified</truncated>
		<difficult>Unspecified</difficult>
		<bndbox>
			<xmin>3164</xmin>
			<ymin>749</ymin>
			<xmax>3417</xmax>
			<ymax>938</ymax>
		</bndbox>
	</object>
	<object>
		<name>wheel</name>
		<pose>Unspecified</pose>
		<truncated>Unspecified</truncated>
		<difficult>Unspecified</difficult>
		<bndbox>
			<xmin>3013</xmin>
			<ymin>690</ymin>
			<xmax>3159</xmax>
			<ymax>900</ymax>
		</bndbox>
	</object>
	<object>
		<name>wheel</name>
		<pose>Unspecified</pose>
		<truncated>Unspecified</truncated>
		<difficult>Unspecified</difficult>
		<bndbox>
			<xmin>2334</xmin>
			<ymin>712</ymin>
			<xmax>2555</xmax>
			<ymax>916</ymax>
		</bndbox>
	</object>
	<object>
		<name>headlight</name>
		<pose>Unspecified</pose>
		<truncated>Unspecified</truncated>
		<difficult>Unspecified</difficult>
		<bndbox>
			<xmin>3520</xmin>
			<ymin>1412</ymin>
			<xmax>3703</xmax>
			<ymax>1585</ymax>
		</bndbox>
	</object>
	<object>
		<name>headlight</name>
		<pose>Unspecified</pose>
		<truncated>Unspecified</truncated>
		<difficult>Unspecified</difficult>
		<bndbox>
			<xmin>32</xmin>
			<ymin>1434</ymin>
			<xmax>243</xmax>
			<ymax>1612</ymax>
		</bndbox>
	</object>
	<object>
		<name>headlight</name>
		<pose>Unspecified</pose>
		<truncated>Unspecified</truncated>
		<difficult>Unspecified</difficult>
		<bndbox>
			<xmin>2118</xmin>
			<ymin>685</ymin>
			<xmax>2226</xmax>
			<ymax>776</ymax>
		</bndbox>
	</object>
	<object>
		<name>headlight</name>
		<pose>Unspecified</pose>
		<truncated>Unspecified</truncated>
		<difficult>Unspecified</difficult>
		<bndbox>
			<xmin>3186</xmin>
			<ymin>485</ymin>
			<xmax>3374</xmax>
			<ymax>636</ymax>
		</bndbox>
	</object>
</annotation>