<annotation>
	<folder>my-project-name</folder>
	<filename>American-classic-cars.jpeg</filename>
	<path>/my-project-name/American-classic-cars.jpeg</path>
	<source>
		<database>Unspecified</database>
	</source>
	<size>
		<width>2000</width>
		<height>1333</height>
		<depth>3</depth>
	</size>
	<object>
		<name>wheel</name>
		<pose>Unspecified</pose>
		<truncated>Unspecified</truncated>
		<difficult>Unspecified</difficult>
		<bndbox>
			<xmin>1085</xmin>
			<ymin>766</ymin>
			<xmax>1306</xmax>
			<ymax>1059</ymax>
		</bndbox>
	</object>
	<object>
		<name>wheel</name>
		<pose>Unspecified</pose>
		<truncated>Unspecified</truncated>
		<difficult>Unspecified</difficult>
		<bndbox>
			<xmin>1585</xmin>
			<ymin>793</ymin>
			<xmax>1750</xmax>
			<ymax>1024</ymax>
		</bndbox>
	</object>
	<object>
		<name>wheel</name>
		<pose>Unspecified</pose>
		<truncated>Unspecified</truncated>
		<difficult>Unspecified</difficult>
		<bndbox>
			<xmin>582</xmin>
			<ymin>891</ymin>
			<xmax>790</xmax>
			<ymax>1048</ymax>
		</bndbox>
	</object>
	<object>
		<name>headlight</name>
		<pose>Unspecified</pose>
		<truncated>Unspecified</truncated>
		<difficult>Unspecified</difficult>
		<bndbox>
			<xmin>934</xmin>
			<ymin>732</ymin>
			<xmax>1085</xmax>
			<ymax>814</ymax>
		</bndbox>
	</object>
	<object>
		<name>headlight</name>
		<pose>Unspecified</pose>
		<truncated>Unspecified</truncated>
		<difficult>Unspecified</difficult>
		<bndbox>
			<xmin>487</xmin>
			<ymin>742</ymin>
			<xmax>625</xmax>
			<ymax>841</ymax>
		</bndbox>
	</object>
</annotation>