<annotation>
	<folder>my-project-name</folder>
	<filename>Bugatti-Chiron.jpg</filename>
	<path>/my-project-name/Bugatti-Chiron.jpg</path>
	<source>
		<database>Unspecified</database>
	</source>
	<size>
		<width>1920</width>
		<height>1080</height>
		<depth>3</depth>
	</size>
	<object>
		<name>headlight</name>
		<pose>Unspecified</pose>
		<truncated>Unspecified</truncated>
		<difficult>Unspecified</difficult>
		<bndbox>
			<xmin>592</xmin>
			<ymin>506</ymin>
			<xmax>807</xmax>
			<ymax>595</ymax>
		</bndbox>
	</object>
	<object>
		<name>headlight</name>
		<pose>Unspecified</pose>
		<truncated>Unspecified</truncated>
		<difficult>Unspecified</difficult>
		<bndbox>
			<xmin>199</xmin>
			<ymin>529</ymin>
			<xmax>306</xmax>
			<ymax>608</ymax>
		</bndbox>
	</object>
	<object>
		<name>wheel</name>
		<pose>Unspecified</pose>
		<truncated>Unspecified</truncated>
		<difficult>Unspecified</difficult>
		<bndbox>
			<xmin>1575</xmin>
			<ymin>495</ymin>
			<xmax>1769</xmax>
			<ymax>794</ymax>
		</bndbox>
	</object>
	<object>
		<name>wheel</name>
		<pose>Unspecified</pose>
		<truncated>Unspecified</truncated>
		<difficult>Unspecified</difficult>
		<bndbox>
			<xmin>863</xmin>
			<ymin>518</ymin>
			<xmax>1134</xmax>
			<ymax>866</ymax>
		</bndbox>
	</object>
</annotation>