<annotation>
	<folder>my-project-name</folder>
	<filename>buick-cielo-concept.jpg</filename>
	<path>/my-project-name/buick-cielo-concept.jpg</path>
	<source>
		<database>Unspecified</database>
	</source>
	<size>
		<width>1920</width>
		<height>1080</height>
		<depth>3</depth>
	</size>
	<object>
		<name>headlight</name>
		<pose>Unspecified</pose>
		<truncated>Unspecified</truncated>
		<difficult>Unspecified</difficult>
		<bndbox>
			<xmin>776</xmin>
			<ymin>720</ymin>
			<xmax>1019</xmax>
			<ymax>769</ymax>
		</bndbox>
	</object>
	<object>
		<name>wheel</name>
		<pose>Unspecified</pose>
		<truncated>Unspecified</truncated>
		<difficult>Unspecified</difficult>
		<bndbox>
			<xmin>1103</xmin>
			<ymin>526</ymin>
			<xmax>1371</xmax>
			<ymax>1024</ymax>
		</bndbox>
	</object>
	<object>
		<name>wheel</name>
		<pose>Unspecified</pose>
		<truncated>Unspecified</truncated>
		<difficult>Unspecified</difficult>
		<bndbox>
			<xmin>1757</xmin>
			<ymin>411</ymin>
			<xmax>1910</xmax>
			<ymax>746</ymax>
		</bndbox>
	</object>
</annotation>