<annotation>
	<folder>my-project-name</folder>
	<filename>cadillac_evoq_concept_2.jpg</filename>
	<path>/my-project-name/cadillac_evoq_concept_2.jpg</path>
	<source>
		<database>Unspecified</database>
	</source>
	<size>
		<width>2048</width>
		<height>1536</height>
		<depth>3</depth>
	</size>
	<object>
		<name>wheel</name>
		<pose>Unspecified</pose>
		<truncated>Unspecified</truncated>
		<difficult>Unspecified</difficult>
		<bndbox>
			<xmin>364</xmin>
			<ymin>890</ymin>
			<xmax>622</xmax>
			<ymax>1114</ymax>
		</bndbox>
	</object>
	<object>
		<name>wheel</name>
		<pose>Unspecified</pose>
		<truncated>Unspecified</truncated>
		<difficult>Unspecified</difficult>
		<bndbox>
			<xmin>1396</xmin>
			<ymin>808</ymin>
			<xmax>1689</xmax>
			<ymax>1098</ymax>
		</bndbox>
	</object>
	<object>
		<name>headlight</name>
		<pose>Unspecified</pose>
		<truncated>Unspecified</truncated>
		<difficult>Unspecified</difficult>
		<bndbox>
			<xmin>1780</xmin>
			<ymin>726</ymin>
			<xmax>1854</xmax>
			<ymax>887</ymax>
		</bndbox>
	</object>
	<object>
		<name>headlight</name>
		<pose>Unspecified</pose>
		<truncated>Unspecified</truncated>
		<difficult>Unspecified</difficult>
		<bndbox>
			<xmin>263</xmin>
			<ymin>846</ymin>
			<xmax>326</xmax>
			<ymax>947</ymax>
		</bndbox>
	</object>
</annotation>