<annotation>
	<folder>my-project-name</folder>
	<filename>cheap-cars-expensive-to-maintain.jpg</filename>
	<path>/my-project-name/cheap-cars-expensive-to-maintain.jpg</path>
	<source>
		<database>Unspecified</database>
	</source>
	<size>
		<width>2400</width>
		<height>1256</height>
		<depth>3</depth>
	</size>
	<object>
		<name>headlight</name>
		<pose>Unspecified</pose>
		<truncated>Unspecified</truncated>
		<difficult>Unspecified</difficult>
		<bndbox>
			<xmin>916</xmin>
			<ymin>658</ymin>
			<xmax>1267</xmax>
			<ymax>748</ymax>
		</bndbox>
	</object>
	<object>
		<name>wheel</name>
		<pose>Unspecified</pose>
		<truncated>Unspecified</truncated>
		<difficult>Unspecified</difficult>
		<bndbox>
			<xmin>1232</xmin>
			<ymin>594</ymin>
			<xmax>1541</xmax>
			<ymax>1060</ymax>
		</bndbox>
	</object>
	<object>
		<name>wheel</name>
		<pose>Unspecified</pose>
		<truncated>Unspecified</truncated>
		<difficult>Unspecified</difficult>
		<bndbox>
			<xmin>1867</xmin>
			<ymin>374</ymin>
			<xmax>2046</xmax>
			<ymax>693</ymax>
		</bndbox>
	</object>
</annotation>