<annotation>
	<folder>my-project-name</folder>
	<filename>feature-image-sports-cars-to-avoid.jpg</filename>
	<path>/my-project-name/feature-image-sports-cars-to-avoid.jpg</path>
	<source>
		<database>Unspecified</database>
	</source>
	<size>
		<width>2400</width>
		<height>1256</height>
		<depth>3</depth>
	</size>
	<object>
		<name>headlight</name>
		<pose>Unspecified</pose>
		<truncated>Unspecified</truncated>
		<difficult>Unspecified</difficult>
		<bndbox>
			<xmin>319</xmin>
			<ymin>662</ymin>
			<xmax>546</xmax>
			<ymax>789</ymax>
		</bndbox>
	</object>
	<object>
		<name>headlight</name>
		<pose>Unspecified</pose>
		<truncated>Unspecified</truncated>
		<difficult>Unspecified</difficult>
		<bndbox>
			<xmin>1548</xmin>
			<ymin>671</ymin>
			<xmax>1838</xmax>
			<ymax>757</ymax>
		</bndbox>
	</object>
	<object>
		<name>wheel</name>
		<pose>Unspecified</pose>
		<truncated>Unspecified</truncated>
		<difficult>Unspecified</difficult>
		<bndbox>
			<xmin>249</xmin>
			<ymin>671</ymin>
			<xmax>329</xmax>
			<ymax>910</ymax>
		</bndbox>
	</object>
	<object>
		<name>wheel</name>
		<pose>Unspecified</pose>
		<truncated>Unspecified</truncated>
		<difficult>Unspecified</difficult>
		<bndbox>
			<xmin>1835</xmin>
			<ymin>652</ymin>
			<xmax>2157</xmax>
			<ymax>993</ymax>
		</bndbox>
	</object>
</annotation>