<annotation>
	<folder>my-project-name</folder>
	<filename>feature-image-underrated-sports-cars.jpg</filename>
	<path>/my-project-name/feature-image-underrated-sports-cars.jpg</path>
	<source>
		<database>Unspecified</database>
	</source>
	<size>
		<width>2400</width>
		<height>1256</height>
		<depth>3</depth>
	</size>
	<object>
		<name>wheel</name>
		<pose>Unspecified</pose>
		<truncated>Unspecified</truncated>
		<difficult>Unspecified</difficult>
		<bndbox>
			<xmin>890</xmin>
			<ymin>662</ymin>
			<xmax>1210</xmax>
			<ymax>1000</ymax>
		</bndbox>
	</object>
	<object>
		<name>wheel</name>
		<pose>Unspecified</pose>
		<truncated>Unspecified</truncated>
		<difficult>Unspecified</difficult>
		<bndbox>
			<xmin>1841</xmin>
			<ymin>639</ymin>
			<xmax>2023</xmax>
			<ymax>882</ymax>
		</bndbox>
	</object>
</annotation>