<annotation>
	<folder>my-project-name</folder>
	<filename>feature-image-500-horsepower-cars.jpg</filename>
	<path>/my-project-name/feature-image-500-horsepower-cars.jpg</path>
	<source>
		<database>Unspecified</database>
	</source>
	<size>
		<width>2400</width>
		<height>1256</height>
		<depth>3</depth>
	</size>
	<object>
		<name>wheel</name>
		<pose>Unspecified</pose>
		<truncated>Unspecified</truncated>
		<difficult>Unspecified</difficult>
		<bndbox>
			<xmin>393</xmin>
			<ymin>990</ymin>
			<xmax>756</xmax>
			<ymax>1233</ymax>
		</bndbox>
	</object>
	<object>
		<name>wheel</name>
		<pose>Unspecified</pose>
		<truncated>Unspecified</truncated>
		<difficult>Unspecified</difficult>
		<bndbox>
			<xmin>1912</xmin>
			<ymin>492</ymin>
			<xmax>2023</xmax>
			<ymax>1057</ymax>
		</bndbox>
	</object>
	<object>
		<name>wheel</name>
		<pose>Unspecified</pose>
		<truncated>Unspecified</truncated>
		<difficult>Unspecified</difficult>
		<bndbox>
			<xmin>2103</xmin>
			<ymin>432</ymin>
			<xmax>2240</xmax>
			<ymax>946</ymax>
		</bndbox>
	</object>
	<object>
		<name>headlight</name>
		<pose>Unspecified</pose>
		<truncated>Unspecified</truncated>
		<difficult>Unspecified</difficult>
		<bndbox>
			<xmin>1573</xmin>
			<ymin>480</ymin>
			<xmax>1861</xmax>
			<ymax>639</ymax>
		</bndbox>
	</object>
	<object>
		<name>headlight</name>
		<pose>Unspecified</pose>
		<truncated>Unspecified</truncated>
		<difficult>Unspecified</difficult>
		<bndbox>
			<xmin>428</xmin>
			<ymin>662</ymin>
			<xmax>709</xmax>
			<ymax>789</ymax>
		</bndbox>
	</object>
</annotation>