<annotation>
	<folder>my-project-name</folder>
	<filename>feature-image-stunning-hondas.jpg</filename>
	<path>/my-project-name/feature-image-stunning-hondas.jpg</path>
	<source>
		<database>Unspecified</database>
	</source>
	<size>
		<width>2400</width>
		<height>1256</height>
		<depth>3</depth>
	</size>
	<object>
		<name>wheel</name>
		<pose>Unspecified</pose>
		<truncated>Unspecified</truncated>
		<difficult>Unspecified</difficult>
		<bndbox>
			<xmin>1471</xmin>
			<ymin>620</ymin>
			<xmax>1746</xmax>
			<ymax>1038</ymax>
		</bndbox>
	</object>
	<object>
		<name>wheel</name>
		<pose>Unspecified</pose>
		<truncated>Unspecified</truncated>
		<difficult>Unspecified</difficult>
		<bndbox>
			<xmin>2177</xmin>
			<ymin>588</ymin>
			<xmax>2362</xmax>
			<ymax>891</ymax>
		</bndbox>
	</object>
	<object>
		<name>headlight</name>
		<pose>Unspecified</pose>
		<truncated>Unspecified</truncated>
		<difficult>Unspecified</difficult>
		<bndbox>
			<xmin>1104</xmin>
			<ymin>575</ymin>
			<xmax>1350</xmax>
			<ymax>700</ymax>
		</bndbox>
	</object>
	<object>
		<name>headlight</name>
		<pose>Unspecified</pose>
		<truncated>Unspecified</truncated>
		<difficult>Unspecified</difficult>
		<bndbox>
			<xmin>479</xmin>
			<ymin>598</ymin>
			<xmax>686</xmax>
			<ymax>713</ymax>
		</bndbox>
	</object>
	<object>
		<name>headlight</name>
		<pose>Unspecified</pose>
		<truncated>Unspecified</truncated>
		<difficult>Unspecified</difficult>
		<bndbox>
			<xmin>1021</xmin>
			<ymin>748</ymin>
			<xmax>1299</xmax>
			<ymax>837</ymax>
		</bndbox>
	</object>
	<object>
		<name>headlight</name>
		<pose>Unspecified</pose>
		<truncated>Unspecified</truncated>
		<difficult>Unspecified</difficult>
		<bndbox>
			<xmin>447</xmin>
			<ymin>751</ymin>
			<xmax>559</xmax>
			<ymax>802</ymax>
		</bndbox>
	</object>
</annotation>