<annotation>
	<folder>my-project-name</folder>
	<filename>Ferrari-California-T.jpg</filename>
	<path>/my-project-name/Ferrari-California-T.jpg</path>
	<source>
		<database>Unspecified</database>
	</source>
	<size>
		<width>2834</width>
		<height>1876</height>
		<depth>3</depth>
	</size>
	<object>
		<name>wheel</name>
		<pose>Unspecified</pose>
		<truncated>Unspecified</truncated>
		<difficult>Unspecified</difficult>
		<bndbox>
			<xmin>1278</xmin>
			<ymin>1125</ymin>
			<xmax>1854</xmax>
			<ymax>1746</ymax>
		</bndbox>
	</object>
	<object>
		<name>wheel</name>
		<pose>Unspecified</pose>
		<truncated>Unspecified</truncated>
		<difficult>Unspecified</difficult>
		<bndbox>
			<xmin>143</xmin>
			<ymin>763</ymin>
			<xmax>399</xmax>
			<ymax>1230</ymax>
		</bndbox>
	</object>
	<object>
		<name>headlight</name>
		<pose>Unspecified</pose>
		<truncated>Unspecified</truncated>
		<difficult>Unspecified</difficult>
		<bndbox>
			<xmin>2080</xmin>
			<ymin>1113</ymin>
			<xmax>2442</xmax>
			<ymax>1332</ymax>
		</bndbox>
	</object>
</annotation>