<annotation>
	<folder>my-project-name</folder>
	<filename>lotus_evija_front_three_quarter.jpg</filename>
	<path>/my-project-name/lotus_evija_front_three_quarter.jpg</path>
	<source>
		<database>Unspecified</database>
	</source>
	<size>
		<width>2400</width>
		<height>1600</height>
		<depth>3</depth>
	</size>
	<object>
		<name>wheel</name>
		<pose>Unspecified</pose>
		<truncated>Unspecified</truncated>
		<difficult>Unspecified</difficult>
		<bndbox>
			<xmin>865</xmin>
			<ymin>776</ymin>
			<xmax>1222</xmax>
			<ymax>1284</ymax>
		</bndbox>
	</object>
	<object>
		<name>wheel</name>
		<pose>Unspecified</pose>
		<truncated>Unspecified</truncated>
		<difficult>Unspecified</difficult>
		<bndbox>
			<xmin>230</xmin>
			<ymin>648</ymin>
			<xmax>402</xmax>
			<ymax>1006</ymax>
		</bndbox>
	</object>
	<object>
		<name>headlight</name>
		<pose>Unspecified</pose>
		<truncated>Unspecified</truncated>
		<difficult>Unspecified</difficult>
		<bndbox>
			<xmin>1347</xmin>
			<ymin>901</ymin>
			<xmax>1538</xmax>
			<ymax>1009</ymax>
		</bndbox>
	</object>
</annotation>